name,Longitude,Latitude
Aruba,-69.98267711,12.52088038
Afghanistan,66.00473366,33.83523073
Angola,17.53736768,-12.29336054
Anguilla,-63.06498927,18.2239595
Albania,20.04983396,41.14244989
Aland,19.95328768,60.21488688
Andorra,1.56054378,42.54229102
United Arab Emirates,54.3001671,23.90528188
Argentina,-65.17980692,-35.3813488
Armenia,44.92993276,40.28952569
Samoa,-170.7180258,-14.30445997
Antarctica,19.92108951,-80.50857913
Ashmore and Cartier Is.,123.5838379,-12.42993164
Fr. S. Antarctic Lands,69.22666758,-49.24895485
Antigua and Barbuda,-61.79469343,17.2774996
Australia,134.4910001,-25.73288704
Austria,14.1264761,47.58549439
Azerbaijan,47.54599879,40.28827235
Burundi,29.87512156,-3.35939666
Belgium,4.64065114,50.63981576
Benin,2.32785254,9.6417597
Burkina Faso,-1.75456601,12.26953846
Bangladesh,90.23812743,23.86731158
Bulgaria,25.21552909,42.76890318
Bahrain,50.54196932,26.04205135
Canada,-98.30777028,61.36206324
Bahamas,-76.62843038,24.29036702
Bosnia and Herz.,17.76876733,44.17450125
Saint Barthélemy,-62.84067779,17.89880451
Belarus,28.03209307,53.53131377
Belize,-88.71010486,17.20027509
Bermuda,-64.7545589,32.31367802
Bolivia (Plurinational State of),-64.68538645,-16.70814787
Brazil,-53.09783113,-10.78777702
Barbados,-59.559797,13.18145428
Brunei,114.7220304,4.51968958
Bhutan,90.40188155,27.41106589
Botswana,23.79853368,-22.18403213
Central African Republic,20.46826831,6.56823297
Switzerland,8.20867471,46.79785878
Chile,-71.38256213,-37.73070989
China,103.8190735,36.56176546
CÃ´te d'Ivoire,-5.5692157,7.6284262
Cameroon,12.73964156,5.69109849
Democratic Republic of the Congo,23.64396107,-2.87746289
Congo,15.21965762,-0.83787463
Cook Islands,-159.7872422,-21.21927288
Colombia,-73.08114582,3.91383431
Comoros,43.68253968,-11.87783444
Cape Verde,-23.9598882,15.95523324
Costa Rica,-84.19208768,9.97634464
Cuba,-79.01605384,21.62289528
Curaçao,-68.97119369,12.19551675
Cayman Islands,-80.91213321,19.42896497
N. Cyprus,33.5684813,35.26277486
Cyprus,33.0060022,34.91667211
Czechia,15.31240163,49.73341233
Germany,10.38578051,51.10698181
Djibouti,42.5606754,11.74871806
Dominica,-61.357726,15.4394702
Denmark,10.02800992,55.98125296
Dominican Republic,-70.50568896,18.89433082
Algeria,2.61732301,28.15893849
Ecuador,-78.75201922,-1.42381612
Egypt,29.86190099,26.49593311
Eritrea,38.84617011,15.36186618
Spain,-3.64755047,40.24448698
Estonia,25.54248537,58.67192972
Ethiopia,39.60080098,8.62278679
Finland,26.2746656,64.49884603
Fiji,165.4519543,-17.42858032
Falkland Islands (Malvinas),-59.35238956,-51.74483954
France,-2.76172945,42.17344011
Faroe Islands,-6.88095423,62.05385403
Micronesia,153.2394379,7.45246814
Gabon,11.7886287,-0.58660025
United Kingdom,-2.86563164,54.12387156
Georgia,43.50780252,42.16855755
Guernsey,-2.57239064,49.46809761
Ghana,-1.21676566,7.95345644
Guinea,-10.94066612,10.43621593
Gambia,-15.39601295,13.44965244
Guinea-Bissau,-14.94972445,12.04744948
Eq. Guinea,10.34137924,1.70555135
Greece,22.95555794,39.07469623
Grenada,-61.68220189,12.11725044
Greenland,-41.34191127,74.71051289
Guatemala,-90.36482009,15.69403664
Guam,144.7679102,13.44165626
Guyana,-58.98202459,4.79378034
"China, Hong Kong SAR",114.1138045,22.39827737
Heard I. and McDonald Is.,73.5205171,-53.08724656
Honduras,-86.6151661,14.82688165
Croatia,16.40412899,45.08047631
Haiti,-72.68527509,18.93502563
Hungary,19.39559116,47.16277506
Indonesia,117.2401137,-2.21505456
Isle of Man,-4.53873952,54.22418911
India,79.6119761,22.88578212
Indian Ocean Ter.,104.851898,-10.6478515
Br. Indian Ocean Ter.,72.44541229,-7.33059751
Ireland,-8.13793569,53.1754487
Iran (Islamic Republic of),54.27407004,32.57503292
Iraq,43.74353149,33.03970582
Iceland,-18.57396167,64.99575386
Israel,35.00444693,31.46110101
Italy,12.07001339,42.79662641
Jamaica,-77.31482593,18.15694878
Jersey,-2.12689938,49.21837377
Jordan,36.77136104,31.24579091
Japan,138.0308956,37.59230135
Siachen Glacier,77.18011865,35.39236325
Kazakhstan,67.29149357,48.15688067
Kenya,37.79593973,0.59988022
Kyrgyzstan,74.54165513,41.46221943
Cambodia,104.9069433,12.72004786
Kiribati,-45.61110513,0.86001503
Saint Kitts and Nevis,-62.68755265,17.2645995
Republic of Korea,127.8391609,36.38523983
Kosovo,20.87249811,42.57078707
Kuwait,47.58700459,29.33431262
Lao People's Democratic Republic,103.7377241,18.50217433
Lebanon,35.88016072,33.92306631
Liberia,-9.32207573,6.45278492
Libya,18.00866169,27.03094495
Saint Lucia,-60.96969923,13.89479481
Liechtenstein,9.53574312,47.13665835
Sri Lanka,80.70108238,7.61266509
Lesotho,28.22723131,-29.58003188
Lithuania,23.88719355,55.32610984
Luxembourg,6.07182201,49.76725361
Latvia,24.91235983,56.85085163
"China, Macao SAR",113.5093212,22.22311688
Saint Martin (French part),-63.05972851,18.08888611
Morocco,-8.45615795,29.83762955
Monaco,7.40627677,43.75274627
Moldova,28.45673372,47.19498804
Madagascar,46.70473674,-19.37189587
Maldives,73.45713004,3.7287092
Mexico,-102.5234517,23.94753724
Marshall Islands,170.3397612,7.00376358
Macedonia,21.68211346,41.59530893
Mali,-3.54269065,17.34581581
Malta,14.40523316,35.92149632
Myanmar,96.48843321,21.18566599
Montenegro,19.23883939,42.78890259
Mongolia,103.0529977,46.82681544
Northern Mariana Islands,145.6196965,15.82927563
Mozambique,35.53367543,-17.27381643
Mauritania,-10.34779815,20.25736706
Montserrat,-62.18518546,16.73941406
Mauritius,57.57120551,-20.27768704
Malawi,34.28935599,-13.21808088
Malaysia,109.6976228,3.78986846
Namibia,17.20963567,-22.13032568
New Caledonia,165.6849237,-21.29991806
Niger,9.38545882,17.41912493
Norfolk Island,167.9492168,-29.0514609
Nigeria,8.08943895,9.59411452
Nicaragua,-85.0305297,12.84709429
Niue,-169.8699468,-19.04945708
Netherlands,5.28144793,52.1007899
Norway,15.34834656,68.75015572
Nepal,83.9158264,28.24891365
Nauru,166.9325682,-0.51912639
New Zealand,171.4849235,-41.81113557
Oman,56.09166155,20.60515333
Pakistan,69.33957937,29.9497515
Panama,-80.11915156,8.51750797
Pitcairn Is.,-128.317042,-24.36500535
Peru,-74.38242685,-9.15280381
Philippines,122.8839325,11.77536778
Palau,134.4080797,7.28742784
Papua New Guinea,145.2074475,-6.46416646
Poland,19.39012835,52.12759564
Puerto Rico,-66.47307604,18.22813055
Dem. People's Republic of Korea,127.1924797,40.15350311
Portugal,-8.50104361,39.59550671
Paraguay,-58.40013703,-23.22823913
Palestine,35.19628705,31.91613893
French Polynesia,-144.9049439,-14.72227409
Qatar,51.18479632,25.30601188
Romania,24.97293039,45.85243127
Russia,96.68656112,61.98052209
Rwanda,29.91988515,-1.99033832
Western Sahara,-12.21982755,24.22956739
Saudi Arabia,44.53686271,24.12245841
Sudan,29.94046812,15.99035669
South Sudan,30.24790002,7.30877945
Senegal,-14.4734924,14.36624173
Singapore,103.8172559,1.35876087
S. Geo. and S. Sandw. Is.,-36.43318388,-54.46488248
Saint Helena,-9.54779416,-12.40355951
Solomon Islands,159.6328767,-8.92178022
Sierra Leone,-11.79271247,8.56329593
El Salvador,-88.87164469,13.73943744
San Marino,12.45922334,43.94186747
Somaliland,46.25198395,9.73345496
Somalia,45.70714487,4.75062876
Saint Pierre and Miquelon,-56.30319779,46.91918789
Serbia,20.78958334,44.2215032
Sao Tome and Principe,6.72429658,0.44391445
Suriname,-55.9123457,4.13055413
Slovakia,19.47905218,48.70547528
Slovenia,14.80444238,46.11554772
Sweden,16.74558049,62.77966519
Swaziland,31.4819369,-26.55843045
Saint Martin (French part),-63.05713363,18.05081728
Seychelles,55.47603279,-4.66099094
Syria,38.50788204,35.02547389
Turks and Caicos Islands,-71.97387881,21.83047572
Chad,18.64492513,15.33333758
Togo,0.96232845,8.52531356
Thailand,101.0028813,15.11815794
Tajikistan,71.01362631,38.5304539
Turkmenistan,59.37100021,39.11554137
Timor-Leste,125.8443898,-8.82889162
Tonga,-174.8098734,-20.42843174
Trinidad and Tobago,-61.26567923,10.45733408
Tunisia,9.55288359,34.11956246
Turkey,35.16895346,39.0616029
Taiwan,120.9542728,23.7539928
Tanzania,34.81309981,-6.27565408
Uganda,32.36907971,1.27469299
Ukraine,31.38326469,48.99656673
Uruguay,-56.01807053,-32.79951534
United States of America,-112.4616737,45.6795472
Uzbekistan,63.14001528,41.75554225
Vatican City,12.43387177,41.90174985
Saint Vincent and the Grenadines,-61.20129695,13.22472269
Venezuela,-66.18184123,7.12422421
British Virgin Islands,-64.47146992,18.52585755
United States Virgin Islands,-64.80301538,17.95500624
Vietnam,106.299147,16.6460167
Vanuatu,167.6864464,-16.22640909
Wallis and Futuna Islands,-177.3483483,-13.88737039
Samoa,-172.1648506,-13.75324346
Yemen,47.58676189,15.90928005
South Africa,25.08390093,-29.00034095
Zambia,27.77475946,-13.45824152
Zimbabwe,29.8514412,-19.00420419
